#id,nama,kategori,kalori,protein,karbo,lemak,takaran
# Satuan nilai gizi: per 100 gram bahan mentah/matang sesuai TKPI Kemenkes RI.
# Kolom "takaran" dipakai sebagai preset porsi rumah tangga.
1,Nasi putih,Makanan pokok,180,3.0,39.8,0.3,1 piring=150 g;1 centong=100 g
2,Nasi merah,Makanan pokok,149,2.8,32.5,0.9,1 piring=150 g
3,Nasi ketan,Makanan pokok,181,2.5,40.0,0.5,1 piring=150 g
4,Nasi uduk,Makanan pokok,224,3.4,44.5,4.9,1 bungkus=200 g
5,Nasi goreng,Makanan pokok,190,4.4,30.6,5.6,1 piring=200 g
6,Nasi padang,Makanan pokok,219,4.9,35.0,6.2,1 piring=350 g
7,Bubur nasi,Makanan pokok,47,1.0,10.4,0.1,1 mangkuk=200 g
8,Bubur ayam,Makanan pokok,113,4.7,16.2,3.4,1 mangkuk=250 g
9,Lontong,Makanan pokok,169,3.0,36.7,0.5,1 buah=120 g
10,Ketupat,Makanan pokok,171,3.0,37.0,0.5,1 buah=100 g
11,Ubi jalar kukus,Makanan pokok,100,1.8,24.3,0.7,1 buah=150 g
12,Ubi kayu rebus,Makanan pokok,146,1.2,34.7,0.3,1 potong=100 g
13,Kentang rebus,Makanan pokok,86,2.0,19.1,0.1,1 buah sedang=100 g
14,Kentang goreng,Makanan pokok,240,3.1,31.2,11.6,1 porsi=80 g
15,Jagung rebus,Makanan pokok,96,3.4,21.1,1.2,1 buah=150 g
16,Sagu, Makanan pokok,152,0.5,36.0,0.5,1 porsi=50 g
17,Talas kukus,Makanan pokok,98,1.9,23.7,0.2,1 buah=100 g
18,Singkong goreng,Makanan pokok,213,1.4,40.0,5.5,1 potong=80 g
19,Pisang goreng,Makanan pokok,215,1.8,22.5,13.7,1 buah=60 g
20,Mi instan kuah,Makanan pokok,338,6.7,49.1,14.6,1 bungkus=80 g
21,Mi goreng,Makanan pokok,202,5.5,30.0,7.0,1 piring=200 g
22,Mie ayam,Makanan pokok,150,6.2,20.5,4.6,1 mangkuk=300 g
23,Bihun goreng,Makanan pokok,168,3.2,29.5,4.5,1 piring=150 g
24,Kwetiau goreng,Makanan pokok,173,4.6,26.0,5.5,1 piring=200 g
25,Roti tawar,Cereal,248,8.0,50.0,1.2,1 lembar=30 g
26,Roti gandum,Cereal,248,9.5,43.6,3.3,1 lembar=30 g
27,Kerupuk,Cereal,460,8.6,52.0,24.0,1 buah=10 g
28,Dodol,Makanan pokok,159,1.5,38.0,0.5,1 potong=40 g
29,Kue lapis,Makanan pokok,190,2.5,35.0,5.0,1 potong=40 g
30,Bolu kukus,Makanan pokok,280,5.0,40.0,11.0,1 potong=60 g
31,Nagasari,Makanan pokok,147,1.4,30.0,3.0,1 buah=50 g
32,Ayam goreng,Lauk hewani,260,25.0,5.0,16.0,1 potong=80 g
33,Ayam bakar,Lauk hewani,190,25.5,3.0,8.5,1 potong=80 g
34,Ayam panggang,Lauk hewani,165,27.0,0.0,6.0,1 potong=80 g
35,Ayam ungkep,Lauk hewani,197,24.0,2.5,10.0,1 potong=80 g
36,Opak ayam,Lauk hewani,240,20.0,15.0,12.0,1 potong=60 g
37,Ayam geprek,Lauk hewani,290,24.0,12.0,17.0,1 potong=120 g
38,Ayam goreng tepung,Lauk hewani,250,22.0,12.0,13.0,1 potong=90 g
39,Sate ayam,Lauk hewani,219,21.0,12.0,10.0,1 tusuk=25 g
40,Rendang sapi,Lauk hewani,193,22.6,7.8,7.9,1 potong=60 g
41,Dendeng sapi,Lauk hewani,442,35.0,10.0,29.0,1 potong=25 g
42,Abon sapi,Lauk hewani,428,22.0,35.0,22.0,1 sdm=10 g
43,Daging sapi goreng,Lauk hewani,261,25.0,7.0,15.0,1 potong=70 g
44,Semur daging,Lauk hewani,199,24.0,5.0,9.0,1 potong=70 g
45,Bakso sapi,Lauk hewani,160,14.0,12.0,6.5,1 buah=25 g
46,Sup buntut,Lauk hewani,180,15.0,6.0,10.5,1 mangkuk=250 g
47,Sosis sapi,Lauk hewani,283,13.0,9.0,22.0,1 buah=50 g
48,Kornet sapi,Lauk hewani,250,13.0,6.0,20.0,1 sdm=20 g
49,Steak sapi,Lauk hewani,205,26.0,2.0,10.0,1 potong=150 g
50,Daging kambing gulai,Lauk hewani,230,20.0,5.0,14.0,1 potong=70 g
51,Sate kambing,Lauk hewani,222,20.0,8.0,12.0,1 tusuk=25 g
52,Ayam pop,Lauk hewani,270,22.0,14.0,14.0,1 potong=70 g
53,Hati ayam goreng,Lauk hewani,230,25.0,5.0,12.0,1 potong=50 g
54,Ikan kembung goreng,Lauk hewani,274,22.0,8.0,17.0,1 ekor=80 g
55,Ikan lele goreng,Lauk hewani,230,17.0,10.0,13.0,1 ekor=80 g
56,Ikan nila goreng,Lauk hewani,201,25.0,6.0,8.0,1 ekor=90 g
57,Ikan bandeng goreng,Lauk hewani,239,20.0,8.0,15.0,1 potong=80 g
58,Ikan tongkol goreng,Lauk hewani,218,20.0,6.0,13.0,1 potong=70 g
59,Pepes ikan,Lauk hewani,134,17.0,5.0,5.0,1 bungkus=80 g
60,Ikan teri goreng,Lauk hewani,316,33.0,6.0,18.0,1 sdm=15 g
61,Ikan tuna kukus,Lauk hewani,144,24.0,0.0,5.0,1 potong=80 g
62,Udang goreng,Lauk hewani,180,21.0,6.0,7.5,1 porsi=60 g
63,Cumi goreng,Lauk hewani,205,17.0,8.0,11.0,1 porsi=60 g
64,Ikan asin,Lauk hewani,190,42.0,0.0,1.5,1 potong=20 g
65,Telur ayam rebus,Lauk hewani,154,12.4,1.1,10.8,1 butir=55 g
66,Telur dadar,Lauk hewani,188,13.1,2.0,14.0,1 butir=60 g
67,Telur mata sapi,Lauk hewani,196,13.5,1.0,15.2,1 butir=60 g
68,Telur balado,Lauk hewani,200,12.0,6.0,14.0,1 butir=60 g
69,Telur asin,Lauk hewani,212,14.0,2.0,16.0,1 butir=60 g
70,Omelet,Lauk hewani,175,11.0,2.5,13.5,1 porsi=120 g
71,Tahu goreng,Lauk nabati,111,10.6,4.6,6.0,1 potong=50 g
72,Tahu bacem,Lauk nabati,150,9.0,12.0,7.0,1 potong=50 g
73,Tahu isi,Lauk nabati,145,8.0,12.0,7.5,1 buah=50 g
74,Tahu sumedang,Lauk nabati,160,11.0,8.0,9.0,1 buah=40 g
75,Tempe goreng,Lauk nabati,225,19.0,9.0,13.0,1 potong=50 g
76,Tempe bacem,Lauk nabati,165,17.0,10.0,7.0,1 potong=50 g
77,Tempe orek,Lauk nabati,190,16.0,12.0,9.0,1 porsi=60 g
78,Tempe mendoan,Lauk nabati,200,15.0,16.0,8.5,1 lembar=45 g
79,Oncom goreng,Lauk nabati,165,12.0,10.0,8.5,1 potong=50 g
80,Perkedel kentang,Lauk nabati,130,3.0,15.0,6.0,1 buah=50 g
81,Perkedel jagung,Lauk nabati,160,3.5,20.0,7.5,1 buah=50 g
82,Bakwan sayur,Lauk nabati,140,4.0,15.0,7.0,1 buah=50 g
83,Tahu telur,Lauk nabati,155,13.0,4.0,9.5,1 porsi=100 g
84,Kacang panjang tumis,Sayuran,80,2.5,8.0,4.5,1 porsi=80 g
85,Tumis kangkung,Sayuran,70,2.0,6.0,4.5,1 porsi=80 g
86,Kangkung rebus,Sayuran,28,3.4,3.1,0.7,1 porsi=100 g
87,Bayam rebus,Sayuran,31,1.9,3.2,0.6,1 porsi=100 g
88,Daun singkong rebus,Sayuran,73,6.8,7.5,1.2,1 porsi=100 g
89,Sayur sop,Sayuran,60,1.5,7.0,3.0,1 mangkuk=200 g
90,Sayur asem,Sayuran,60,2.0,8.0,2.5,1 mangkuk=200 g
91,Sayur lodeh,Sayuran,120,4.0,8.0,8.0,1 mangkuk=200 g
92,Gudeg,Sayuran,150,3.0,15.0,9.0,1 porsi=100 g
93,Nangka muda gulai,Sayuran,145,2.5,13.0,9.5,1 porsi=80 g
94,Cah kangkung,Sayuran,85,2.2,7.0,5.5,1 porsi=80 g
95,Capcay,Sayuran,68,3.5,8.0,2.4,1 porsi=150 g
96,Urap sayur,Sayuran,90,2.5,9.0,5.0,1 porsi=80 g
97,Terong balado,Sayuran,110,1.5,9.0,7.5,1 porsi=80 g
98,Labu siam tumis,Sayuran,75,1.5,7.0,4.5,1 porsi=80 g
99,Karedok,Sayuran,110,3.5,9.0,7.0,1 porsi=100 g
100,Gado-gado,Sayuran,130,5.5,10.0,8.5,1 porsi=200 g
101,Pecel,Sayuran,105,4.0,10.0,5.5,1 porsi=150 g
102,Asinan sayur,Sayuran,60,1.5,11.0,1.0,1 porsi=150 g
103,Lalapan mentah,Sayuran,25,1.5,4.0,0.3,1 porsi=50 g
104,Jagung muda,Sayuran,35,2.2,6.0,0.5,1 porsi=60 g
105,Kentang balado,Sayuran,150,2.0,20.0,6.5,1 porsi=80 g
106,Buncis tumis,Sayuran,70,2.0,7.0,4.0,1 porsi=80 g
107,Kelapa parut,Sayuran,359,3.4,14.0,34.0,1 sdm=15 g
108,Ubi rebus,Sayuran,106,1.5,25.0,0.2,1 potong=100 g
109,Tomat,Sayuran,20,1.0,4.2,0.3,1 buah=80 g
110,Timun,Sayuran,12,0.7,2.5,0.1,1 buah=100 g
111,Sambal terasi,Condiment,180,4.0,12.0,12.5,1 sdm=15 g
112,Sambal bawang,Condiment,150,3.0,10.0,11.0,1 sdm=15 g
113,Sambal ijo,Condiment,120,2.5,8.0,8.5,1 sdm=15 g
114,Sambal kacang,Condiment,200,6.0,15.0,13.0,1 sdm=20 g
115,Kecap manis,Condiment,46,5.7,9.0,0.1,1 sdm=15 g
116,Kecap asin,Condiment,44,10.0,3.0,0.1,1 sdm=15 g
117,Saus tomat,Condiment,30,1.0,7.0,0.1,1 sdm=15 g
118,Mayones,Condiment,600,1.0,4.0,65.0,1 sdm=15 g
119,Margarin,Condiment,720,0.6,0.4,81.0,1 sdm=15 g
120,Minyak goreng,Lemak,902,0.0,0.0,100.0,1 sdm=15 g
121,Santan kental,Lemak,122,2.0,5.5,10.0,1 gelas=200 g
122,Santan encer,Lemak,40,0.7,1.8,3.4,1 gelas=200 g
123,Keripik kentang,Snack,460,5.0,50.0,27.0,1 bungkus=60 g
124,Keripik singkong,Snack,450,2.0,55.0,22.0,1 bungkus=60 g
125,Kacang tanah goreng,Snack,564,27.0,17.0,45.0,1 genggam=30 g
126,Kacang atom,Snack,480,20.0,40.0,25.0,1 bungkus=50 g
127,Pisang, Buah,92,1.0,23.5,0.3,1 buah=100 g
128,Jeruk, Buah,45,0.8,11.2,0.1,1 buah=100 g
129,Apel, Buah,58,0.3,14.9,0.4,1 buah=180 g
130,Pepaya, Buah,46,0.5,12.2,0.1,1 potong=150 g
131,Mangga, Buah,65,0.5,17.0,0.2,1 buah=200 g
132,Semangka, Buah,32,0.5,7.2,0.2,1 potong=200 g
133,Melon, Buah,37,0.6,8.9,0.2,1 potong=150 g
134,Nanas, Buah,53,0.4,13.7,0.2,1 potong=100 g
135,Salak, Buah,78,0.4,20.9,0.4,1 buah=80 g
136,Rambutan, Buah,69,0.9,18.1,0.1,1 buah=30 g
137,Durian, Buah,147,1.5,27.9,5.3,1 biji=100 g
138,Alpukat, Buah,85,0.9,7.7,6.5,1 buah=150 g
139,Anggur, Buah,69,0.7,18.1,0.2,1 genggam=100 g
140,Stroberi, Buah,37,0.9,8.3,0.2,1 buah=15 g
141,Jambu biji, Buah,49,0.9,12.2,0.3,1 buah=100 g
142,Susu sapi segar,Minuman,61,3.2,4.3,3.5,1 gelas=200 g
143,Susu skim,Minuman,35,3.5,5.0,0.2,1 gelas=200 g
144,Yogurt,Minuman,52,3.3,4.0,2.5,1 cup=150 g
145,Es teh manis,Minuman,45,0.0,11.0,0.0,1 gelas=250 g
146,Teh tanpa gula,Minuman,1,0.0,0.2,0.0,1 gelas=250 g
147,Kopi susu,Minuman,80,1.5,12.0,2.5,1 gelas=200 g
148,Kopi hitam,Minuman,2,0.1,0.3,0.0,1 gelas=200 g
149,Jus jeruk,Minuman,45,0.7,10.4,0.2,1 gelas=250 g
150,Jus alpukat,Minuman,120,1.5,15.0,6.0,1 gelas=250 g
151,Es campur,Minuman,125,1.5,26.0,2.0,1 porsi=250 g
152,Es dawet,Minuman,110,1.0,24.0,1.5,1 gelas=250 g
153,Cendol,Minuman,150,1.0,30.0,3.5,1 gelas=250 g
154,Es kelapa muda,Minuman,60,0.5,14.0,0.3,1 buah=300 g
155,Susu cokelat,Minuman,90,3.0,14.0,2.5,1 gelas=200 g
156,Soda,Minuman,40,0.0,10.6,0.0,1 kaleng=330 g
157,Milkshake,Minuman,150,3.5,22.0,5.0,1 gelas=250 g
158,Bajigur,Minuman,110,1.5,18.0,3.5,1 gelas=200 g
159,Bandrek,Minuman,120,0.2,28.0,0.5,1 gelas=200 g
160,Wedang jahe,Minuman,60,0.2,14.5,0.2,1 gelas=200 g
161,Es jeruk,Minuman,50,0.4,12.0,0.1,1 gelas=250 g
162,Boba milk tea,Minuman,180,2.0,34.0,4.0,1 gelas=400 g
163,Kue putu,Makanan pokok,180,2.0,36.0,3.5,1 buah=50 g
164,Klepon,Makanan pokok,200,2.5,35.0,6.0,1 buah=40 g
165,Onde-onde,Makanan pokok,210,3.0,32.0,8.0,1 buah=40 g
166,Lemper,Makanan pokok,190,4.0,32.0,5.0,1 buah=70 g
167,Serabi,Makanan pokok,165,2.5,28.0,5.0,1 buah=50 g
168,Martabak manis,Makanan pokok,320,6.0,45.0,13.0,1 potong=100 g
169,Martabak telur,Makanan pokok,260,10.0,22.0,15.0,1 potong=100 g
170,Terang bulan,Makanan pokok,310,5.5,44.0,13.0,1 potong=100 g
171,Pisang molen,Makanan pokok,280,3.0,32.0,15.0,1 buah=60 g
172,Bakpia,Makanan pokok,290,5.0,35.0,14.0,1 buah=40 g
173,Lupis,Makanan pokok,175,2.0,36.0,2.5,1 buah=60 g
174,Wingko babat,Makanan pokok,220,2.5,38.0,7.0,1 buah=50 g
175,Kue cucur,Makanan pokok,230,1.5,38.0,8.5,1 buah=40 g
176,Kue talam,Makanan pokok,165,1.5,30.0,4.5,1 buah=40 g
177,Bika ambon,Makanan pokok,250,3.0,42.0,8.0,1 potong=60 g
178,Kue lumpur,Makanan pokok,200,3.5,30.0,7.5,1 buah=60 g
179,Puding,Makanan pokok,120,2.0,22.0,3.0,1 cup=100 g
180,Agar-agar,Makanan pokok,60,1.0,14.0,0.1,1 cup=100 g
